zeitstempel,sitzungs_id,frage,bester_score,genuegend_relevanz,antwort,quellen,sicherheitshinweis
2026-09-01T16:32:11,11,hallo,0.1544,False,Dazu habe ich in den Lernmaterialien keine ausreichend passende Quelle gefunden und möchte deshalb keine geratene Antwort geben. Bitte wende dich an deine Lehrkraft oder formuliere die Frage genauer.,,
2026-09-01T17:28:16,11,Welche DIN-Norm behandelt die Zeichnungsangaben für Stirnrad-Evolventenverzahnungen?,0.3117,False,Dazu habe ich in den Lernmaterialien keine ausreichend passende Quelle gefunden und möchte deshalb keine geratene Antwort geben. Bitte wende dich an deine Lehrkraft oder formuliere die Frage genauer.,,
2026-09-01T17:58:03,11,Welche DIN-Norm behandelt die Zeichnungsangaben für Stirnrad-Evolventenverzahnungen?,0.6437,True,"Basierend auf dem gegebenen Kontext handelt es sich um die Norm **DIN 3966-1**.

Im Abschnitt „Normen (Auswahl) und Richtlinien"" wird in der Liste explizit folgende Zuordnung gemacht:
*   **DIN 3966-1**: Zeichnungsangaben für Stirnrad-Evolventenverzahnungen.

Für andere Zahnräder gibt es ähnliche Normen, etwa DIN 3966-2 für Kegelräder oder DIN ISO 2203 zur Darstellung von Zahnrädern allgemein, aber spezifisch für das gestellte Problem zu Stirnrädern mit Evolventenverzahnung ist es der erste Teil dieser Reihe.",pdf_20435; pdf_12343; pdf_5152; pdf_7380,
2026-09-02T09:47:17,15,kennst du film titanic,0.4663,True,"Nein, ich kenne keine Informationen über den Film „Titanic"" in den mir gegebenen Textausschnitten. Der bereitgestellte Kontext enthält lediglich Fachtexte zur technischen Bildung (z. B. Bauelemente der Fördertechnik, Schubkurbelgetriebe), Hinweise auf Verschleißbeständiges Gusseisen und rechtliche Vorschriften für Schiffe. Eine Frage zu einem Film ist in diesem spezifischen Text nicht behandelt.",pdf_12694; pdf_7090; pdf_2408; pdf_23875,
2026-09-02T09:48:33,15,Was ist unterschied zwischen linearmotor und servomotor,0.7415,True,"Basierend auf dem gegebenen Text kann eine vollständige Erklärung des Unterschieds nicht gegeben werden, da der Kontext unvollständig ist.

Der Text definiert zwar beide Begriffe getrennt:
*   Ein **Servomotor** (oder genauer ein Servoantrieb) besteht aus einem Elektromotor und einer Regelelektronik. Im Text wird er auch als *Drehstrom-Synchronmotor* beschrieben, der für die Steuerung von Werkzeugmaschinen genutzt wird.
*   Ein **Linearmotor** wird im Text als eine Alternative zum Servomotor erwähnt, bei dem kein Getriebe und keine Drehzahlanpassung nötig sind. Er nutzt ein lineares Lagemesssystem und ist für geradlinige Bewegungen ausgeführt.

Der Kontext fehlt aber der entscheidende direkte Vergleich oder die explizite Aussage, was den technischen Unterschied (z. B. dass Linearmotoren direkt eine lineare Bewegung erzeugen, während Servomotoren meist eine Rotation erzeugen, die durch ein Getriebe in eine Linearbewegung umgewandelt werden muss) im Detail beschreibt. Da der Satz „Was ist unterschied..."" nicht vollständig im Text enthalten ist und keine Definition des Unterschieds bietet, darf ich nicht raten.

Fazit: Der vorliegende Textstück liefert nur Einzelinformationen über den Aufbau, aber keine direkte Gegenüberstellung der Unterschiede zwischen Linearmotor und Servomotor.",pdf_19070; pdf_19110; pdf_8347; pdf_18872,strom
2026-09-02T10:07:50,11,Warum ist Stabilität bei der Verteilung elektrischer Energie wichtig,0.7507,True,"Der gegebene Kontext erwähnt zwar die zunehmende Bedeutung der Verteilung und Vernetzung sowie das öffentliche Stromnetz, liefert aber keinen spezifischen Text zur Bedeutung der Stabilität. Bitte überlegen Sie, welche Konsequenzen Instabilität (z. B. Spannungsschwankungen oder Ausfälle) in einem elektrischen System allgemein hätte.","In technischen Systemen wie dem Stromnetz hängt eine zuverlässige Energieübertragung stark von einem Gleichgewicht zwischen erzeugter und aufgenommener Leistung ab. Wenn sich Frequenz oder Spannung stark ändern, kann dies auf einen Mangel an Stabilität hindeuten, der dazu führt, dass Verbraucher nicht mehr sicher versorgt werden können.","Auf Basis des vorliegenden Textausschnitts lässt die Frage nach dem Warum für die Wichtigkeit der Stabilität **nicht beantworten**, da im bereitgestellten Kontext keine Informationen zur Stabilität oder deren Konsequenzen enthalten sind. Der Text konzentriert sich lediglich auf die Verteilung, das öffentliche Netz und physikalische Grundlagen wie Phasenlage beim Wechselstrom, ohne den spezifischen Stabilisierungsbedarf zu erklären.",1,pdf_8381; pdf_8383; pdf_8116; pdf_21061,strom
2026-09-02T10:12:11,11,Warum ist Stabilität bei der Verteilung elektrischer Energie wichtig,0.7507,True,"Der gegebene Kontext erwähnt zwar die zunehmende Bedeutung der Verteilung und Vernetzung sowie das öffentliche Stromnetz, liefert aber keinen spezifischen Text zur Bedeutung der Stabilität. Bitte überlegen Sie, welche Konsequenzen Instabilität (z. B. Spannungsschwankungen oder Ausfälle) in einem elektrischen System allgemein hätte.","In technischen Systemen wie dem Stromnetz hängt eine zuverlässige Energieübertragung stark von einem Gleichgewicht zwischen erzeugter und aufgenommener Leistung ab. Wenn sich Frequenz oder Spannung stark ändern, kann dies auf einen Mangel an Stabilität hindeuten, der dazu führt, dass Verbraucher nicht mehr sicher versorgt werden können.","Auf Basis des vorliegenden Textausschnitts lässt die Frage nach dem Warum für die Wichtigkeit der Stabilität **nicht beantworten**, da im bereitgestellten Kontext keine Informationen zur Stabilität oder deren Konsequenzen enthalten sind. Der Text konzentriert sich lediglich auf die Verteilung, das öffentliche Netz und physikalische Grundlagen wie Phasenlage beim Wechselstrom, ohne den spezifischen Stabilisierungsbedarf zu erklären.",2,pdf_8381; pdf_8383; pdf_8116; pdf_21061,strom
2026-09-02T10:12:19,11,Warum ist Stabilität bei der Verteilung elektrischer Energie wichtig,0.7507,True,"Der gegebene Kontext erwähnt zwar die zunehmende Bedeutung der Verteilung und Vernetzung sowie das öffentliche Stromnetz, liefert aber keinen spezifischen Text zur Bedeutung der Stabilität. Bitte überlegen Sie, welche Konsequenzen Instabilität (z. B. Spannungsschwankungen oder Ausfälle) in einem elektrischen System allgemein hätte.","In technischen Systemen wie dem Stromnetz hängt eine zuverlässige Energieübertragung stark von einem Gleichgewicht zwischen erzeugter und aufgenommener Leistung ab. Wenn sich Frequenz oder Spannung stark ändern, kann dies auf einen Mangel an Stabilität hindeuten, der dazu führt, dass Verbraucher nicht mehr sicher versorgt werden können.","Auf Basis des vorliegenden Textausschnitts lässt die Frage nach dem Warum für die Wichtigkeit der Stabilität **nicht beantworten**, da im bereitgestellten Kontext keine Informationen zur Stabilität oder deren Konsequenzen enthalten sind. Der Text konzentriert sich lediglich auf die Verteilung, das öffentliche Netz und physikalische Grundlagen wie Phasenlage beim Wechselstrom, ohne den spezifischen Stabilisierungsbedarf zu erklären.",3,pdf_8381; pdf_8383; pdf_8116; pdf_21061,strom
2026-09-02T10:19:08,11,"Es sollen1000m3KalksteinderBodenklasse6gebrochen
undgefördertwerden.Dazu steht einRadladermit einem
nutzbarenSchaufelinhaltvon4,0m3undmaximal11tTrag
kraftzurVerfügung,sowieeinSchwer-Lkwvon45tNutzlast
und20m3nutzbaremMuldenvolumen.
a) WievieleLadespieledesRadladerssinderforderlich?
b) WievieleFahrtendesSchwer-Lkwsinderforderlich?",0.7576,True,"Um diese Aufgabe zu lösen, müssen Sie im gegebenen Kontext nachweisen suchen. Beachten Sie, dass alle drei bereitgestellten Texte (Windturbinen, Zoellyturbine, Kranbauweise) nichts mit Kalksteinbruch oder Radladern zu tun haben und stattdessen Aufgabenstellungen zur Berechnung von Windleistung, Turbinendruckstufen oder Stoßenergie enthalten.","Der vorliegende Text liefert zwar verschiedene technische Rechenbeispiele aus den Bereichen erneuerbare Energien, Thermodynamik und Hebezeugtechnik, enthält aber keinerlei Informationen über Bruchfestigkeiten von Kalkstein, Förderleistungen von Radladern oder spezifische Wiederauffüllungsvorgänge. Folglich fehlt die notwendige Datenbasis (wie z. B. ein Durchsatz pro Stunde des Radladers oder eine Geschwindigkeit des Lkws), um die Anzahl der Lade- und Fahrtzyklen aus dem Text ableiten zu können.","Basierend ausschließlich auf dem gegebenen Kontext ist es nicht möglich, die Fragen a) zur Anzahl der Ladespiel und b) zur Anzahl der Fahrten des Schwer-Lkws zu beantworten, da der Text keine Angaben zum Förderprozess von 1000 m³ Kalkstein mit Radladern und Lkws enthält.",1,pdf_14743; pdf_14486; pdf_13335; pdf_3242,
2026-09-02T10:19:26,11,"Es sollen1000m3KalksteinderBodenklasse6gebrochen
undgefördertwerden.Dazu steht einRadladermit einem
nutzbarenSchaufelinhaltvon4,0m3undmaximal11tTrag
kraftzurVerfügung,sowieeinSchwer-Lkwvon45tNutzlast
und20m3nutzbaremMuldenvolumen.
a) WievieleLadespieledesRadladerssinderforderlich?
b) WievieleFahrtendesSchwer-Lkwsinderforderlich?",0.7576,True,"Um diese Aufgabe zu lösen, müssen Sie im gegebenen Kontext nachweisen suchen. Beachten Sie, dass alle drei bereitgestellten Texte (Windturbinen, Zoellyturbine, Kranbauweise) nichts mit Kalksteinbruch oder Radladern zu tun haben und stattdessen Aufgabenstellungen zur Berechnung von Windleistung, Turbinendruckstufen oder Stoßenergie enthalten.","Der vorliegende Text liefert zwar verschiedene technische Rechenbeispiele aus den Bereichen erneuerbare Energien, Thermodynamik und Hebezeugtechnik, enthält aber keinerlei Informationen über Bruchfestigkeiten von Kalkstein, Förderleistungen von Radladern oder spezifische Wiederauffüllungsvorgänge. Folglich fehlt die notwendige Datenbasis (wie z. B. ein Durchsatz pro Stunde des Radladers oder eine Geschwindigkeit des Lkws), um die Anzahl der Lade- und Fahrtzyklen aus dem Text ableiten zu können.","Basierend ausschließlich auf dem gegebenen Kontext ist es nicht möglich, die Fragen a) zur Anzahl der Ladespiel und b) zur Anzahl der Fahrten des Schwer-Lkws zu beantworten, da der Text keine Angaben zum Förderprozess von 1000 m³ Kalkstein mit Radladern und Lkws enthält.",2,pdf_14743; pdf_14486; pdf_13335; pdf_3242,
2026-09-02T10:19:27,11,"Es sollen1000m3KalksteinderBodenklasse6gebrochen
undgefördertwerden.Dazu steht einRadladermit einem
nutzbarenSchaufelinhaltvon4,0m3undmaximal11tTrag
kraftzurVerfügung,sowieeinSchwer-Lkwvon45tNutzlast
und20m3nutzbaremMuldenvolumen.
a) WievieleLadespieledesRadladerssinderforderlich?
b) WievieleFahrtendesSchwer-Lkwsinderforderlich?",0.7576,True,"Um diese Aufgabe zu lösen, müssen Sie im gegebenen Kontext nachweisen suchen. Beachten Sie, dass alle drei bereitgestellten Texte (Windturbinen, Zoellyturbine, Kranbauweise) nichts mit Kalksteinbruch oder Radladern zu tun haben und stattdessen Aufgabenstellungen zur Berechnung von Windleistung, Turbinendruckstufen oder Stoßenergie enthalten.","Der vorliegende Text liefert zwar verschiedene technische Rechenbeispiele aus den Bereichen erneuerbare Energien, Thermodynamik und Hebezeugtechnik, enthält aber keinerlei Informationen über Bruchfestigkeiten von Kalkstein, Förderleistungen von Radladern oder spezifische Wiederauffüllungsvorgänge. Folglich fehlt die notwendige Datenbasis (wie z. B. ein Durchsatz pro Stunde des Radladers oder eine Geschwindigkeit des Lkws), um die Anzahl der Lade- und Fahrtzyklen aus dem Text ableiten zu können.","Basierend ausschließlich auf dem gegebenen Kontext ist es nicht möglich, die Fragen a) zur Anzahl der Ladespiel und b) zur Anzahl der Fahrten des Schwer-Lkws zu beantworten, da der Text keine Angaben zum Förderprozess von 1000 m³ Kalkstein mit Radladern und Lkws enthält.",3,pdf_14743; pdf_14486; pdf_13335; pdf_3242,
2026-09-02T10:32:11,11,Warum ist Stabilität bei der Verteilung elektrischer Energie wichtig,0.7507,True,,,"STUFE1_HINWEIS
Der gegebene Kontext erwähnt zwar die zunehmende Rolle der Verteilung und Vernetzung sowie technische Probleme wie den Phasenversatz beim Wechselstrom, enthält aber keine spezifischen Informationen darüber, warum Stabilität dabei wichtig ist oder welche Folgen Instabilitäten haben.

STUFE2_ERKLAERUNG
In den vorliegenden Textausschnitten wird lediglich auf die Bedeutung der Verteilung und das Zusammenspiel von Strom und Spannung eingegangen, ohne jedoch die Gründe für die Notwendigkeit einer stabilen Versorgung zu nennen. Auch Aspekte wie der Wirkungsgrad oder die Speisung mit konstantem Strom werden beschrieben, liefern aber keine Antwort auf die Frage nach der Stabilität.

STUFE3_LOESUNG
Auf Basis des bereitgestellten Kontexts kann die Frage nicht beantwortet werden, da dort keine Informationen zu den Gründen für die Wichtigkeit von Stabilität bei der Verteilung elektrischer Energie enthalten sind.",1,pdf_8381; pdf_8383; pdf_8116; pdf_21061,spannung; strom
2026-09-08T11:44:45,22,hallo,0.6214,True,"Hallo! Der von dir bereitgestellte Kontext besteht nur aus sehr kurzen, fragmentarischen Textstellen ohne vollständige Sätze oder eine klare Fragestellung, sodass ich hier noch keine spezifische fachliche Antwort geben kann. Könntest du bitte deine eigentliche Frage genauer stellen oder mehr Informationen zum Thema hinzufügen?","In den vorliegenden Dokumentausschnitten sind nur Begriffe wie „Vorgabezeitermittlung"", „Beanspruchungsarten"" oder „Mechatroniker"" ohne zusammenhängenden Inhalt aufgeführt. Da diese Snippets nicht zu einem verständlichen Problemkontext verbinden, lässt sich keine der gewünschten Erklärungen ableiten. Es fehlen notwendige Vorannahmen und vollständige Fragestellungen in diesem Materialabschnitt.","Ich kann deine Frage leider nicht beantworten, da im angegebenen Kontext keine relevanten Informationen oder eine zusammenhängende Wissensquelle vorhanden ist, auf die ich mich beziehen könnte. Bitte stelle deine Frage erneut unter Angabe des passenden Themas, damit ich dir entsprechend helfen kann.",1,pdf_30834; pdf_21332; pdf_5160; pdf_10724,
2026-09-08T11:48:22,22,Was passiert mit Stromlinien bei instationären Strömungen?,0.8555,True,"Überlegen Sie, wie sich die räumliche Lage der Stromlinien verändert, wenn die Strömung nicht mehr zeitkonstant ist und die Identität mit den Bahnlinien wegfällt.","Der Kontext besagt, dass bei instationären oder zeitabhängigen Strömungen die Stromlinien ihre räumliche Position verändern. Folglich sind sie in solchen Fällen nicht mehr identisch mit den Bahnlinien, da sich das Stromlinienfeld im Gegensatz zur stationären Strömung bewegt.","Bei instationären Strömungen ändern die Stromlinien ihre räumliche Lage mit der Zeit und sind daher nicht mehr mit den Bahnlinien identisch. Im Unterschied zu stationären Strömungen, bei denen eine ortsfeste Raumkurve vorliegt, verschiebt sich das Stromlinienbild dynamisch weiter.",1,pdf_5416; pdf_5410; pdf_5411; pdf_5418,strom
2026-09-08T11:49:24,22,Was passiert mit Stromlinien bei instationären Strömungen?,0.8555,True,"Überlegen Sie, wie sich die räumliche Lage der Stromlinien verändert, wenn die Strömung nicht mehr zeitkonstant ist und die Identität mit den Bahnlinien wegfällt.","Der Kontext besagt, dass bei instationären oder zeitabhängigen Strömungen die Stromlinien ihre räumliche Position verändern. Folglich sind sie in solchen Fällen nicht mehr identisch mit den Bahnlinien, da sich das Stromlinienfeld im Gegensatz zur stationären Strömung bewegt.","Bei instationären Strömungen ändern die Stromlinien ihre räumliche Lage mit der Zeit und sind daher nicht mehr mit den Bahnlinien identisch. Im Unterschied zu stationären Strömungen, bei denen eine ortsfeste Raumkurve vorliegt, verschiebt sich das Stromlinienbild dynamisch weiter.",2,pdf_5416; pdf_5410; pdf_5411; pdf_5418,strom
2026-09-08T11:49:46,22,Was passiert mit Stromlinien bei instationären Strömungen?,0.8555,True,"Überlegen Sie, wie sich die räumliche Lage der Stromlinien verändert, wenn die Strömung nicht mehr zeitkonstant ist und die Identität mit den Bahnlinien wegfällt.","Der Kontext besagt, dass bei instationären oder zeitabhängigen Strömungen die Stromlinien ihre räumliche Position verändern. Folglich sind sie in solchen Fällen nicht mehr identisch mit den Bahnlinien, da sich das Stromlinienfeld im Gegensatz zur stationären Strömung bewegt.","Bei instationären Strömungen ändern die Stromlinien ihre räumliche Lage mit der Zeit und sind daher nicht mehr mit den Bahnlinien identisch. Im Unterschied zu stationären Strömungen, bei denen eine ortsfeste Raumkurve vorliegt, verschiebt sich das Stromlinienbild dynamisch weiter.",3,pdf_5416; pdf_5410; pdf_5411; pdf_5418,strom
2026-09-08T12:59:29,22,Warum wird der Strahl nicht vollständig um 180° umgelenkt?,0.6392,True,"Die vollständige Umlenkung des Lichtstrahls hängt davon ab, an welcher Stelle das Licht das Medium verlässt und ob der Einfallswinkel kritisch wird. Betrachten Sie, was geschieht, wenn das Licht senkrecht zur Grenzfläche austritt im Vergleich zu einem anderen Winkel.","Das Licht kann nicht einfach „im Medium"" umgelekt werden oder durch 180 Grad reflektiert werden, da es am Austrittspunkt aus dem optischen Element in eine andere Umgebung (z. B. Luft) gelangt. Im Grenzfall senkrechter Richtung ($\beta_2 = 90^\circ$) tritt das Licht tangential entlang der Trennfläche aus, und bei einem nur geringfügig größeren Winkel verfehlt es den Übergang vollständig und bleibt im Material gefangen (Totalreflexion).","Der Strahl wird nicht um 180° umgelenkt, weil er das optische System an der Grenzfläche mit Umgebung (Luft) verlässt. Je nach Einfallswinkel tritt das Licht entweder senkrecht oder schräg aus; erst wenn dieser Winkel den kritischen Wert überschreitet, findet keine Ausstrahlung mehr statt, was bedeutet, dass das Licht nicht einfach umgelekt, sondern im Inneren reflektiert wird – eine physikalische Bedingung, die für eine einfache 180°-Umlenkung im beschriebenen Durchgangszusammenhang nicht erfüllt ist.",1,pdf_18433; pdf_22709; pdf_7418; pdf_2199,
