zeitstempel,sitzungs_id,frage,bester_score,genuegend_relevanz,hinweis,erklaerung,loesung,scaffolding_stufe_erreicht,quellen,sicherheitshinweis,kb_hash
2026-09-25T22:36:48,TEST-01,Ein Elektromotor bringt 10 kW bei 1000 Umdrehungen pro Minute. Wie groß ist sein Drehmoment?,0.7494,True,Der Kontext liefert einen spezifischen Rechenbeispiel für genau diesen Fall mit den Werten 10 kW und 1000 U/min. Schauen Sie sich dort die Formel zur Berechnung des Drehmoments aus der Leistung und Drehzahl an.,"Um das gesuchte Drehmoment zu finden, muss die übertragene mechanische Leistung (10 kW) in Abhängigkeit von der Drehzahl (1000 U/min) umgestellt werden. Im vorliegenden Text wird hierfür eine konkrete Lösungsrechnung geführt, bei der der Zähler durch 1000 geteilt wird und das Ergebnis im Bereich der hundert Newtonmeter liegt.","Das Drehmoment des Elektromotors beträgt 95,5 Nm. Dies ergibt sich aus der im Kontext angegebenen Formel (M = 9550 · P/n), indem die Leistung von 10 kW und die Drehzahl von 1000 U/min eingesetzt werden.",3,pdf_16950; pdf_3734; pdf_10388; pdf_3730,,4732e4709357
2026-09-25T22:36:57,TEST-01,Welche Kristallgitter findet man bei den meisten Metallen?,0.7767,True,"Um die Frage zu beantworten, musst du im Kontext nach Hinweisen suchen, welche Elemente als Metalle beschrieben werden und wie deren Gittereigenschaften (wie Härte oder Leitfähigkeit) charakterisiert sind. Achte dabei auf die Gegenüberstellung weicher Alkalimetalle und anderer stabilerer Metalle sowie auf die Eigenschaften von Nichtmetallen, um zu verstehen, worin der Unterschied liegt.","Aus dem Kontext lässt sich ableiten, dass einige Metalle wie Wolfram, Molybdän und Chrom sehr stabile Gitter mit hoher Energie bilden, während andere wie Alkalimetalle weich sind. Der Begriff „metallisch"" wird im Text explizit mit Eigenschaften wie Duktilität und der Funktion als Elektronenleiter verknüpft, was impliziert, dass dies für die meisten Metalle gilt. Im Gegensatz dazu zeigen Nichtmetalle oder Halbmetalle oft andere Bindungsformen, wie zum Beispiel diamantartige oder glasartige Strukturen, sowie unterschiedliche Elektronegativitäten. Die Unterscheidung zwischen diesen Gruppen hilft zu erkennen, welche Gittertypen der metallischen Natur entsprechen.","Bei den meisten Metallen findet man kristalline Gitter mit metallischer Bindung. Diese sind gekennzeichnet durch Duktilität (Verformbarkeit) und die Eigenschaft, elektrische Leiter zu sein. Im Gegensatz dazu zeigen Nichtmetalle oder einige spezielle Metalle wie Alkalimetalle andere Eigenschaften; so sind Wolfram und Molybdän zwar ebenfalls metallisch, aber besonders stabil und hart, während Alkalimetalle weich sind. Der entscheidende Punkt ist jedoch, dass der klassische metallische Charakter (Elektronenleiter, duktil) das vorherrschende Gitterbild für Metalle beschreibt.",3,pdf_2529; pdf_2395; pdf_2398; pdf_2428,,4732e4709357
2026-09-25T22:37:04,TEST-01,"Wieso gibt man Mangan in Automatenstähle, die Schwefel enthalten?",0.5839,True,"In der Beschreibung steht, dass Kohlenstoff den Austenitbereich erweitert, aber speziell für das Mangan wird eine weitere wichtige Eigenschaft im Zusammenhang mit Schwefel genannt.
Denke daran, welche Rolle der Schwefel normalerweise bei warmes Schmieden oder Zerspanung spielt und wie das Eisen-Mangan-Kohlenstoff-System dies verbessert.","Schwefel kann in Verbindung mit Eisen unangenehme Phasen wie FeS bilden, die zu Brüchen beim Schmieden führen oder den Werkzeugverschleiß erhöhen. Mangan wirkt hier als Desoxidationsmittel und bindet den Schwefel stattdessen in eine andere Verbindung um, sodass diese schädlichen Effekte vermieden werden.
Außerdem beeinflusst das Verhältnis von Eisen zu Mangan die Stabilität der Phasen, was für automatische Spannungsverfahren entscheidend ist.","Mangan wird in Automatenstähle mit Schwefel gegeben, um den schwefelreichen Eisenverbindungen (FeS) vorzubeugen und stattdessen unlösliche Mangansulfide (MnS) zu bilden, die beim Spanen keine Bruchgefahr darstellen.
Darüber hinaus sorgt das Mangan dafür, dass der Austenitbereich im Diagramm erweitert wird und durch die Bildung von Mangankohlenstoffverbindungen ein günstigeres Spanverhalten mit kurzen Spänen ermöglicht wird.",3,pdf_6785; pdf_6778; pdf_7037; pdf_22251,,4732e4709357
2026-09-25T22:37:09,TEST-01,Welche Messing-Legierung nimmt man für kaltgeformte Rohre oder Lagerbuchsen?,0.6546,True,"Der vorliegende Kontext befasst sich ausschließlich mit Werkzeugstählen, Zahnrädern und Zerspanungsprozessen; er enthält keine Informationen über Messing-Legierungen oder deren spezifische Anwendungen für Rohre oder Lagerbuchsen.","Die bereitgestellten Texte listen Eigenschaften von Kaltarbeitsstählen und geben Hinweise zur Wahl von Schneidplatten bei der Bearbeitung, erwähnen jedoch vollständig den Bereich des Kupfer- oder Messingwerkstoffes nicht. Eine Antwort zu diesem Thema ließe sich also allein auf Basis der ausgegebenen Quelltexte nicht herleiten.","Der vorliegende Kontext beantwortet die Frage nicht, da darin keine Informationen zu Messing-Legierungen für kaltgeformte Rohre oder Lagerbuchsen enthalten sind.",3,pdf_7150; pdf_15350; pdf_23426; pdf_22838,,4732e4709357
2026-09-25T22:37:15,TEST-01,Was ist der Unterschied zwischen Polymerisation und Polyaddition?,0.7628,True,"Der vorliegende Kontext beschreibt zwar die Zusammensetzung von Kunststoffen, Legierungen und Füllstoffen sowie deren Verarbeitung, enthält aber keine Informationen zu den chemischen Reaktionsmechanismen der Polymerisation oder der Polyaddition.","Um den Unterschied zwischen diesen beiden Begriffen zu verstehen, müsste man in andere Quellen zurückgreifen, da die Texte sich ausschließlich auf die Herstellung von Formmassen durch das Verschmelzen fertiger Polymere und den Eintrag von Zusätzen konzentrieren. In einem Lernkontext zur Technischen Ausbildung würde dies typischerweise bedeuten, dass bei der Polymerisation monomere Bausteine zu langkettigen Molekülen verbunden werden, oft unter Ausscheidung kleinerer Moleküle, während bei der Polyaddition ohne solchen Nebenproduktverlust gearbeitet wird.","Auf Basis des gegebenen Kontexts kann die Frage nach dem Unterschied zwischen Polymerisation und Polyaddition nicht beantwortet werden, da diese Informationen im Text fehlen.",3,pdf_7977; pdf_7920; pdf_7929; pdf_7938,,4732e4709357
2026-09-25T22:37:21,TEST-01,Keramik ist ja spröde. Wie kann man das bei Verbundwerkstoffen verbessern?,0.7643,True,,,"STUFE1_HINWEIS
Da reine Keramik zur Sprödheit neigt, liegt der Schlüssel zur Verbesserung darin, Materialfasern einzufügen, die wie kleine Stützen wirken und verhindern, dass sich Risse ungehindert ausbreiten. Überlegen Sie, welche Art von Fasern in diesem Zusammenhang im Text erwähnt werden, um diese Eigenschaft zu kompensieren.

STUFE2_ERKLAERUNG
Um die geringe Zähigkeit der Keramik zu verbessern, wird sie mit Kurzfasern zu einem Faserverbund verbunden. Diese eingelegten SiC-Fasern bremst die Fortpflanzung von Rissen effektiv ab und erhöhen so die Schädenstoleranz erheblich. Durch dieses Einbetten in eine Matrix entsteht ein Verbundwerkstoff, der spröder als Polymere ist, aber deutlich höhere Zähigkeit aufweist.

STUFE3_LOESUNG
Die Sprödigkeit von Keramik wird bei Verbundwerkstoffen durch das Einbetten von Kurzfasern verbessert. Diese Fasern (z. B. aus SiC) wirken darin, dass sie die Ausbreitung von Rissen in der Keramikmatrix effektiv bremsten, wodurch sich das Bauteil auch unter Belastung oder bei Temperaturschwankungen stabiler verhält als reine Keramik.",3,pdf_8976; pdf_8388; pdf_22839; pdf_8356,,4732e4709357
2026-09-25T22:37:27,TEST-01,Wie viel besser überträgt ruhendes Wasser Wärme an eine Metallwand als ruhende Luft?,0.7201,True,"Der Kontext beschreibt die allgemeinen Eigenschaften von Flüssigkeiten und Gasen im Vergleich zu festen Körpern sowie die Rolle der Zirkulation. Beachten Sie jedoch, dass laut Text beide Substanzen bei fehlender Bewegung als „schlechte Wärmeleiter"" beschrieben werden.","Aus dem gegebenen Text lässt sich entnehmen, dass Luft und Wasser ohne innere Bewegung (Zirkulation) generell schlechte Wärmeleiter sind, wobei Vakuum der beste Isolator ist. Die Texte erwähnen zwar die Vorteile von Wasser als Kühlmittel durch Zirkulation in Motoren und bei Bearbeitungsprozessen, geben aber keinen spezifischen Vergleichswert für den Wärmeübergang zwischen ruhendem Wasser und ruhender Luft an.","Auf Basis des vorliegenden Kontexts ist es nicht möglich, eine genaue Zahl oder ein quantitatives Maß anzugeben, um wie viel besser ruhendes Wasser Wärme überträgt als ruhende Luft. Die Texte stellen beide Mittel lediglich als schlechte Wärmeleiter dar, wenn keine Zirkulation stattfindet, und nennen keine direkten physikalischen Vergleichswerte für diesen spezifischen Fall.",3,pdf_9164; pdf_9708; pdf_20358; pdf_22404,,4732e4709357
2026-09-25T22:37:33,TEST-01,Warum darf man einen großen Drehstrommotor nicht einfach direkt einschalten?,0.7885,True,"Denken Sie über die Eigenschaften von Elektromotoren beim Starten nach, insbesondere welchen Strom sie in dieser Phase benötigen und was das für das Netz bedeutet.","Laut dem Kontext benötigen sowohl Gleich- als auch Drehstromantriebe einen sehr hohen Anlaufstrom genau im Moment des Einschaltens. Dieser plötzliche Stromstoß ist so groß, dass er bei großen Motoren nur unter bestimmten Bedingungen toleriert werden darf. Wenn zu viele große Motoren gleichzeitig oder direkt gestartet werden, kann dies die elektrische Infrastruktur überlasten.","Man darf einen großen Drehstrommotor nicht einfach direkt einschalten, weil er beim Start einen extrem hohen Anlaufstrom benötigt. Dieser hohe Stromfluss könnte bei direktem Einschalten elektrischen Verbrauchern Schaden zufügen oder das Netz stark belasten; daher werden große Motoren in der Praxis meist über Schaltautomaten mit stufenweiser Spannungseinschaltung oder speziellen Startern angelassen, um den Stromstoß zu begrenzen.",3,pdf_10408; pdf_26760; pdf_16418; pdf_20522,,4732e4709357
2026-09-25T22:37:38,TEST-01,Wann reicht beim Pendel das vereinfachte Modell aus?,0.6854,True,"Das vereinfachte Modell reicht dann aus, wenn das Pendel nur kleine Ausschläge vollführt und man bestimmte physikalische Vereinfachungen treffen kann.","Für die Beschreibung von Systemen mit einem Pendel wird das einfache Modell genutzt, sobald diese nur geringe Amplituden ausführen. In diesem Fall sind vereinfachende Annahmen wie ein masseloser Faden oder eine punktförmig konzentrierte Masse angemessen und notwendig.","Das vereinfachte Pendelmodell reicht dann aus, wenn das System nur kleine Ausschläge (geringe Amplitude) vollführt. Unter dieser Bedingung kann man zudem idealisierend davon ausgehen, dass der Faden masselos ist und die Masse genau in einem Punkt liegt.",3,pdf_11091; pdf_11274; pdf_11081; pdf_11065,,4732e4709357
2026-09-25T22:37:46,TEST-01,Wie viele ISO-Toleranzgrade gibt es und welcher ist der genaueste?,0.8372,True,"Die Anzahl der Toleranzgrade und die Zuordnung zur höchsten Genauigkeit finden Sie direkt im Textabschnitt, der die Reihenfolge von IT 01 bis IT 18 beschreibt.","Laut dem Kontext sind insgesamt 20 ISO-Toleranzgrade vorgesehen, die sich von IT 01 bis IT 18 erstrecken. Der Grad IT 01 repräsentiert dabei die kleinsten Toleranzen und somit die größte Genauigkeit, während IT 18 die größten Toleranzen mit der geringsten Genauigkeit aufweist.","Es gibt insgesamt 20 ISO-Toleranzgrade. Der genaueste Grad ist IT 01, da er die kleinste Toleranz und damit die höchste Genauigkeit bietet.",3,pdf_14387; pdf_12790; pdf_14386; pdf_12798,,4732e4709357
2026-09-25T22:37:51,TEST-01,Wie berechne ich die Flächenpressung am Bolzen in einer Gabel?,0.6735,True,"Die im vorliegenden Kontext enthaltenen Abschnitte behandeln ausschließlich duroplastische Kunststoffe, Druckbegrenzungsventile, Umformverfahren bei Pressbüchsen sowie Gleitlagersegmente.","Der bereitgestellte Text enthält keine Informationen zu Gabeln, Bolzen oder deren spezifischen Berechnungen der Flächenpressung in diesem Anwendungsbereich. Es werden zwar Druckverläufe und geometrische Winkel im Kontext von Pressbüchsen erwähnt, diese Konzepte sind jedoch für die gegebene Frage nicht ausreichend oder irrelevant.","Auf Basis des gegebenen Kontexts kann ich die Frage nach der Berechnung der Flächenpressung am Bolzen in einer Gabel leider nicht beantworten, da dieser Sachverhalt im Text nicht vorkommt.",3,pdf_8027; pdf_29036; pdf_21567; pdf_14979,,4732e4709357
2026-09-25T22:37:57,TEST-01,Warum rechnet man Keilverbindungen in der Praxis meistens nicht nach?,0.6782,True,"Der vorliegende Kontext beschreibt das Vielnutprofil (genormt als „Keilwellenprofil""), dessen Wirkungsweise einer Passfederverbindung entspricht, während er jedoch nichts darüber aussagt, ob oder warum man solche Verbindungen praktisch nicht rechnet.","Die verfügbaren Texte erklären lediglich die Benennung und den Aufbau der Verbindung als Formschluss sowie ihre Eigenschaften wie Lösbarkeit und Verschiebbarkeit. Es werden hier keine Informationen zu einer spezifischen Praxisregelung oder einem Berechnungsverzicht geliefert, da der Kontext diesen Aspekt nicht abdeckt.","Auf Basis des gegebenen Kontexts kann die Frage nach dem Berechnungsverzicht von Keilverbindungen in der Praxis nicht beantwortet werden, da der Textausschnitt hierzu keine Informationen enthält.",3,pdf_14340; pdf_14351; pdf_14341; pdf_14352,,4732e4709357
2026-09-25T22:38:03,TEST-01,Wie breit wählt man das Großrad im Vergleich zum Ritzel und warum?,0.6193,True,"Der Kontext beschreibt Anforderungen an die Werkstoffe (Festigkeit) und die Bauart von Zahnrädern, liefert jedoch keine Informationen darüber, wie man die Breite der Räder zueinander wählt.","Aus den bereitgestellten Textausschnitten geht hervor, dass ein Großrad ein höherbruchsicherer Werkstoff als das Ritzel haben soll und die Bauart von Greifern oder Steuerungsmitteln unterschiedlich sein kann. Es wird jedoch nicht erwähnt, in welchem Verhältnis die Breite des Großrades zum Ritzel stehen sollte oder welche mechanischen Gründe dies begründen würden.","Der gegebene Kontext beantwortet Ihre Frage nicht. Er enthält keine Angaben dazu, wie breit man das Großrad im Vergleich zum Ritzel wählen soll oder warum dies so ist. Daher kann die Frage auf Basis des vorliegenden Textmaterials nicht beantwortet werden.",3,pdf_16247; pdf_15331; pdf_26643; pdf_15330,,4732e4709357
2026-09-25T22:38:08,TEST-01,Warum braucht man bei mehrstufigen Kompressoren eine Zwischenkühlung?,0.7515,True,"Der gegebene Kontext behandelt zwar Kühlung in anderen Bereichen wie Guss, Zerspanung oder Motoren, enthält aber keine direkten Informationen über den spezifischen Zweck der Zwischenkühlung bei mehrstufigen Kompressoren.","Die Texte erwähnen, dass höhere Temperaturen den Verschleiß von Schneidstoffen begünstigen und in Verbrennungsmotoren Kühlung nötig ist, um dem Wärmeübergang zu begegnen, doch es wird kein Bezug zum Druckanstieg oder zur Luftverdichtung in Kompressoren geschlagen.","Auf Basis der bereitgestellten Texte kann ich Ihre Frage nach der Zwischenkühlung bei mehrstufigen Kompressoren nicht beantworten, da diese Information im Kontext fehlt.",3,pdf_20916; pdf_22388; pdf_26652; pdf_20358,,4732e4709357
2026-09-25T22:38:16,TEST-01,Welche Eigenschaften muss der Werkstoff eines Zylinderkopfs haben?,0.8253,True,"Überlegen Sie, welche Anforderungen an Bauteile in einem Verbrennungsmotor gestellt werden, die ständig extremen Hitzeschocks ausgesetzt sind und komplexe Geometrien mit vielen Kanälen aufweisen. Die Herstellungsmethode des Zylinderkopfs gibt bereits einen großen Hinweis auf den notwendigen Werkstoff.","Der Zylinderkopf ist einem komplexen thermischen Belastungszustand ausgesetzt, weshalb sein Werkstoff eine hohe Formstabilität unter Hitze besitzen muss, um seine präzise Geometrie nicht zu verziehen. Zudem muss der Materialleiter Wärme schnell ableiten können, um die Verbrennungskammer effizient zu kühlen und Überhitzungen zu vermeiden. Um sicherzustellen, dass sich das Bauteil nicht übermäßig ausdehnt und dadurch Passgenauigkeiten verloren gehen, sind auch geringe thermische Ausdehnungseigenschaften von zentraler Bedeutung.","Der Werkstoff für den Zylinderkopf muss drei wesentliche Eigenschaften aufweisen: Er benötigt eine große Formstabilität (um seine komplexe Geometrie und Hohlräume beizubehalten), eine gute Wärmeleitung (zur effizienten Kühlung der Verbrennungskammer) sowie eine geringe Wärmedehnung (um bei Temperaturänderungen nicht übermäßig auszudellen).",3,pdf_25392; pdf_25391; pdf_20183; pdf_20243,,4732e4709357
2026-09-25T22:38:23,TEST-01,Was macht eigentlich das Motorsteuergerät?,0.7397,True,"Das Motorsteuergerät muss viele verschiedene Systeme gleichzeitig koordinieren, um die Anforderungen des Fahrers zu erfüllen. Überlege, welche Bauteile dabei direkt vom Gerät gesteuert werden und welche Informationen es dazu sammelt.","Um den Motor optimal zu betreiben, steuert das Gerät elektronisch diverse Aktoren für Aufgaben wie den Ladungswechsel, die Verbrennung, Aufladung sowie den Betrieb von Kühlsystem und Abgasanlage. Gleichzeitig nutzt es Daten zahlreicher Sensoren zur Messung von Drehzahl, Luftmassenstrom, Luftverhältnis und Temperaturen, um den aktuellen Betriebszustand zu erfassen.","Das Motorsteuergerät (ECU) sorgt dafür, dass die vom Fahrer gewünschte Motordrehmoment-Anforderung erfüllt wird, indem es über Sensoren alle relevanten Motorzustände erfasst und daraufhin gezielt Aktoren ansteuert. Es beeinflusst zudem Systeme wie den Ladungswechsel, die Verbrennung, das Aufladesystem, das Kühlsystem und die Abgasreinigung, um einen optimalen Fahrstil zu gewährleisten.",3,pdf_19882; pdf_19870; pdf_20783; pdf_12219,,4732e4709357
2026-09-25T22:38:30,TEST-01,Wann spannt man ein Werkstück auf der Drehmaschine auf eine Planscheibe statt ins Spannfutter?,0.7005,True,"Denke darüber nach, welche geometrische Eigenschaft oder welches Anstellungsvermögen des Werkstücks durch den Wechsel von einem Spannfutter zu einer Planscheibe ermöglicht wird, die bei rotationssymmetrischen Teilen nicht nötig ist.","Während Spannfutter üblicherweise nur zentrische Aufnahmen für rotationssymmetrische Teile zulassen, bietet die Aufnahme auf eine Planscheibe eine andere Möglichkeit. Diese Art der Aufspannung erlaubt es, das Werkstück an einem beliebigen Winkel oder in einer spezifischen Position anzubringen, statt es zwangsläufig rotationssymmetrisch aufnehmen zu müssen. Dies ist besonders dann vorteilhaft, wenn die Bearbeitungsrichtung nicht zur Hauptachse der Maschine stehen muss oder wenn mehrere verschiedene Flanken bearbeitet werden sollen.","Man spannt ein Werkstück auf der Drehmaschine auf eine Planscheibe, wenn es **nicht rotationssymmetrisch** ist oder wenn man das Teil in einer **beliebigen Position** bearbeiten möchte. Im Gegensatz zum Spannfutter, das Teile nur zentrisch (mit dem Punkt am Anfang) aufnehmen kann, erlaubt die Planscheibe, prismatische oder sonst geformte Werkstücke exakt dort aufzunehmen, wo sie für den Bearbeitungsvorgang benötigt werden.",3,pdf_23100; pdf_22956; pdf_30477; pdf_23734,,4732e4709357
2026-09-25T22:38:36,TEST-01,Wie ist ein CNC-Programm aufgebaut?,0.8999,True,"Um den Aufbau eines CNC-Programms zu verstehen, sollten Sie sich zunächst die im Kontext genannte Hauptfunktion und den Zweck solcher Programme ansehen. Überlegen Sie, was primär mit diesen Programmen erreicht werden soll, um die Struktur logisch abzuleiten.","Der gegebene Text beschreibt den *Zweck* einer übersichtlichen Gestaltung für CNC-Programme bei Werkzeugmaschinen, erwähnt jedoch keine spezifischen Detailbestandteile wie Syntax oder Blöcke. Es wird ausgeführt, dass die Steuerung Lage-, Geschwindigkeits-Sollwerte und Schaltbefehle bereitstellt, was impliziert, dass das Programm diese Daten enthalten muss. Der Fokus des vorliegenden Textes liegt jedoch eher auf dem Ziel der Gestaltung als auf der Auflistung der einzelnen Aufbau-Elemente.","Auf Basis des gegebenen Kontexts lässt sich die Frage nach dem genauen Aufbau eines CNC-Programms nicht vollständig beantworten. Der Text erwähnt lediglich, dass der Zweck eine „übersichtliche Gestaltung"" ist, und beschreibt allgemein, was eine CNC-Steuerung bereitstellt (Sollwerte, Schaltbefehle), aber er listet keine konkreten Strukturelemente oder Syntaxregeln für den Programmcode auf.",3,pdf_25751; pdf_26414; pdf_24182; pdf_26415,,4732e4709357
2026-09-25T22:38:42,TEST-01,In welchen Bereichen wird Hydraulik hauptsächlich eingesetzt?,0.8001,True,"Um diese Frage zu beantworten, solltest du im Kontext nach den spezifischen Branchen und Anwendungsbereichen suchen, die mit der Hydraulik in Verbindung gebracht werden. Denke daran, dass dort genannt wird, wo hohe Leistungsdichte oder große Förderhöhen von Bedeutung sind.","Laut dem bereitgestellten Text finden sich Einsatzgebiete für hydraulische Steuerungen besonders in der Werkzeugmaschinen- und Hüttenindustrie sowie im Straßenfahrzeugbau. Zudem werden sie in der Kunststoffverarbeitung, im Schiffsbau und speziell für die Flugzeughydraulik genutzt, da Öl nahezu inkompressibel ist und somit große Kräfte bei gut steuerbarer Leistung liefert.","Hydraulik wird hauptsächlich in Werkzeugmaschinen, der Hütten- und Walzwerkindustrie, bei Straßenfahrzeugen sowie Bau- und Landmaschinen eingesetzt. Weitere Hauptanwendungsgebiete sind die Kunststoffverarbeitung, der Schiffsbau und die Flugzeughydraulik, wo die Eigenschaften des Betriebsmittels Öl entscheidende Vorteile bieten.",3,pdf_26556; pdf_26555; pdf_16454; pdf_16265,,4732e4709357
2026-09-25T22:38:52,TEST-01,Wie funktioniert eine Zweihandverriegelung in der SPS?,0.7235,True,"Der gegebene Kontext beschreibt die allgemeine Struktur einer SPS (Software, Außen- und Innenkommunikation) sowie den Anschluss von Ein- und Ausgängen, enthält aber keine spezifischen Details zur Funktionsweise einer Zweihandverriegelung. Überlege dir, welche Sicherheitseinrichtungen in der Regel zwei getrennte Bedienelemente benötigen und wie eine SPS deren Zustand überwacht, bevor sie einen gefährlichen Prozess startet.","Eine Zweihandverriegelung ist ein Sicherheitskonzept, das sicherstellen soll, dass maschinenteile nur dann in Bewegung gesetzt werden, wenn zwei getrennte Bedienelemente gleichzeitig betätigt werden müssen. Der Kontext erwähnt allgemein die Ebene der Innenkommunikation (Schnittstelle zu Sensoren und Stellgliedern) sowie den Einsatz von Ein- und Ausgängen an der SPS für solche Anbindungen. Damit wird sichergestellt, dass Hände des Bedieners außerhalb der Gefahrenzone bleiben, da der Ablauf erst nach Erfassen beider Signale durch die Steuerungssoftware startet.","Eine Zweihandverriegelung in einer SPS funktioniert so, dass an den zwei getrennten Betätigungselementen (Sicherheits-Schaltern) spezielle Eingänge der Steuerung angeschlossen sind. Diese werden so programmiert, dass der Prozessablauf (z. B. das Sägen des Stabs) erst eintritt, wenn beide Schalter innerhalb einer sehr kurzen Zeit gleichzeitig oder in festgelegter Abfolge betätigt wurden. Solange nicht beide Signale von den Sensoren über die Innenkommunikationsebene empfangen und verifiziert sind, lässt die SPS keine Stellglieder aktivieren, wodurch der Schutz für den Bediener gewährleistet ist.",3,pdf_16509; pdf_27977; pdf_28243; pdf_27988,,4732e4709357
2026-09-25T22:38:57,TEST-01,Was bringt der D-Anteil in einem Regler?,0.6925,True,"Im vorliegenden Text werden zwar ein Dämpfungsmaß (D) und physikalische Größen wie Beschleunigung oder Dämpfungskonstanten behandelt, jedoch findet sich keine Information über die spezifischen Anteile in einem Regler.","Der Kontext beschäftigt sich mit der Charakterisierung von Schwingungen durch dimensionslose Werte und der Definition von Differentialquotienten für Geschwindigkeit und Beschleunigung. Es werden Beispiele aus der Hydrodynamik und Mechanik gegeben, aber keine Aussagen dazu gemacht, welche Funktion ein D-Anteil in einer Regelungstechnik hat.","Auf Basis des gegebenen Kontexts ist nicht beizufügen, was der D-Anteil in einem Regler bringt, da der Text diesbezüglich keine Informationen enthält.",3,pdf_11116; pdf_22641; pdf_1592; pdf_5492,,4732e4709357
2026-09-25T22:42:06,TEST-01,Wie kommt man auf den Deckungsbeitrag eines Produkts?,0.7758,True,"Der gegebene Kontext beschreibt zwar, wie Produkte durch ihre Funktionen optimiert und deren Zielkosten berechnet werden, enthält aber keine Informationen zur Berechnung des Deckungsbeitrags.","Die vorliegenden Texte konzentrieren sich ausschließlich auf den Zusammenhang zwischen Hauptfunktionen, Wertanalyse und der Herunterbrechung von Zielkosten in mehrstufigen Produkten. Es wird detailliert dargelegt, wie der Produkterfolg durch die Kundenerfüllung bestimmt wird, doch es fehlen jegliche Bezüge zu Umsatz, Kosten oder Margenberechnungen.","Auf Basis des gegebenen Kontexts kann auf den Deckungsbeitrag eines Produkts nicht eingegangen werden, da dieser in den bereitgestellten Textstellen nicht thematisiert wird.",3,pdf_30070; pdf_30069; pdf_30047; pdf_30068,,4732e4709357
2026-09-25T22:42:11,TEST-01,Wie schnell darf sich eine Schleifscheibe maximal drehen?,0.7771,True,"Der gegebene Kontext enthält Angaben zu einer Beschleunigungsdauer eines Schleifsteins und Berechnungsaufgaben für Antriebsmomente sowie Riemenzugkräfte, erwähnt aber keine Grenzwerte für die maximale Drehzahl einer Schleifscheibe.","Aus dem bereitgestellten Textmaterial lassen sich zwar Informationen zu Beschleunigungsprozessen von Schleifsteinen und Kräfteberechnungen entnehmen, jedoch fehlen spezifische Sicherheitstabelle oder Normen, die den absoluten Höchstwert für die Drehgeschwindigkeit definieren. Der Kontext konzentriert sich eher auf die Dynamik des Anfahrens als auf statische Sicherheitsgrenzen für das Bauteil selbst.","Basierend ausschließlich dem vorliegenden Kontext kann Ihre Frage, nach der maximal zulässigen Drehzahl einer Schleifscheibe, nicht beantwortet werden, da diese spezifischen Wertangabe oder Normreferenzen im Text nicht enthalten sind.",3,pdf_17407; pdf_22680; pdf_17406; pdf_3974,,4732e4709357
2026-09-25T22:42:16,TEST-01,"Welche Rautiefe schafft man mit Hartdrehen allein, ohne Schleifen?",0.7612,True,"Der vorliegende Kontext enthält Informationen über Seiltrommeln, Greifer für Schüttgüter und Trennverfahren wie Ausschneiden und Lochen. Bitte beachten Sie, dass keine spezifischen Angaben zu Verarbeitungsprozessen wie Hartdrehen oder deren erreichbaren Rautiefen enthalten sind.","Die bereitgestellten Texte befassen sich ausschließlich mit Bauelementen der Fördertechnik sowie Greifern für unterschiedliche Schüttgüter. Es werden keinerlei technische Daten zu spanendem Bearbeiten, insbesondere nicht zur maximalen Rahtiefe bei Hartdrehprozessen, geliefert. Daher fehlen im Kontext die notwendigen Informationen über Fräsen und ihre Grenzen gegenüber anderen Fertigungsverfahren.","Der vorliegende Kontext beantwortet Ihre Frage nicht. Es werden keine Informationen darüber gegeben, welche Rautiefe mit Hartdrehen allein erreichbar ist oder ob Schleifen notwendig wäre, da diese Details im Text nicht erwähnt werden.",3,pdf_16035; pdf_16275; pdf_16253; pdf_21237,,4732e4709357
2026-09-25T22:42:22,TEST-01,Welche Lastkategorien unterscheidet DIN EN 13001-2 bei Kranen?,0.7477,True,"Um diese Frage zu beantworten, müssen Sie sich in der bereitgestellten Textmenge nach dem Dokumentnamen oder den Querverweisen für die Norm DIN EN 13001-2 umschauen und prüfen, ob dort spezifische Auflistungen zu Lastarten finden.","Der vorliegende Kontext erwähnt zwar mehrfach die Norm DIN EN 13001-2 im Zusammenhang mit Kränen und Hängebahnen sowie Festigkeitswerten, beschreibt jedoch nicht die darin definierten Lastkategorien oder Auflistungen. Stattdessen konzentriert sich der Text auf andere Themen wie Zugspannungen, Seilrollen oder Schweißnormen (DIN EN 1993-1).","Auf Basis des gegebenen Textausschnitts kann ich die gesuchte Information zu den Lastkategorien von DIN EN 13001-2 bei Kränen nicht finden und Ihnen daher nicht nennen, da der Kontext diese Details nicht enthält.",3,pdf_16827; pdf_4795; pdf_16066; pdf_16939,,4732e4709357
2026-09-25T22:42:26,TEST-01,Wie viele Urlaubstage stehen mir im ersten Ausbildungsjahr zu?,0.5023,True,"Der vorliegende Text behandelt Themen wie Terminplanung, Materialbedarf, Fertigungszeiten und die Erfassung von Istzeiten bei Maschinen, liefert aber keine Informationen über soziale Vorteile oder gesetzliche Ansprüche auf bezahlte Feiertage.","In den bereitgestellten Dokumenten finden sich lediglich Angaben zur Kapazitätsauslastung pro Tag (8 Stunden), zu Durchlaufzeiten von Aufträgen und zu Lieferzeiten für verschiedene Bauteile wie Reifen oder Felgen. Es werden keine Aussagen getroffen, die den Bezug zum Thema Urlaubstage der Auszubildenden herstellen.","Der gegebene Kontext beantwortet Ihre Frage nicht, da er ausschließlich produktionslogistische Daten enthält und keinerlei Informationen darüber liefert, wie viele Urlaubstage im ersten Ausbildungsjahr zustehen.",3,pdf_31712; pdf_31576; pdf_31780; pdf_31577,,4732e4709357
2026-09-25T22:42:30,TEST-01,Wie schreibe ich in Python eine for-Schleife?,0.4187,True,"Der vorliegende Text behandelt die Erstellung von NC-Programmen für die Fertigungstechnik, jedoch findet sich keine Information zu der Programmiersprache Python.","Das Dokument erklärt Prozesse wie das Erstellen von Arbeitsplänen, die Definition von Vorrastwegen und die Übersetzung dieser Schritte in Steuerungssprachen, macht aber keinerlei Angaben zur Syntax oder Anwendung von Schleifenstrukturen in Python.","Der Kontext liefert keine Antwort darauf, wie man eine for-Schleife in Python schreibt, da das Dokument sich ausschließlich auf technische Fertigungsvorgänge und spezifische NC-Programmierung bezieht.",3,pdf_25396; pdf_25362; pdf_27147; pdf_25936,,4732e4709357
2026-09-25T22:42:35,TEST-01,Wie wechsle ich die Bremsbeläge an meinem Auto?,0.5906,True,"Der vorliegende Text befasst sich zwar mit dem physikalischen Verhalten von Fahrzeugen, der Funktion des Motors und den Auswirkungen blockierter Räder bei Notbremsungen, erwähnt jedoch keinen Schritt-für-Schritt-Leitfaden oder Werkzeug für den Austausch von Bremsbelägen.","Aus den bereitgestellten Quellen werden technische Aspekte wie die Blockierung der Räder durch Vollbremsung und das Verhalten des Motors beschrieben, aber es finden sich keine Informationen darüber, welche Bauteile konkret die Beläge sind oder wie man diese mechanisch zugänglich macht und ersetzt.","Basierend auf dem bereitgestellten Kontext lässt sich leider nicht beantworten, wie Sie Bremsbeläge an Ihrem Auto wechseln, da der Text lediglich physikalische Phänomene und Motorgrundlagen erklärt, aber keine Wartungsanleitung enthält.",3,pdf_1561; pdf_12219; pdf_10726; pdf_20379,,4732e4709357
2026-09-25T22:42:39,TEST-01,Welche Zutaten brauche ich für einen Pizzateig?,0.4434,True,"Der gegebene Kontext befasst sich ausschließlich mit technischen Lagerwerkstoffen, Sintermaterialien und Schmiermitteln wie Bornitrid oder Molybdänsulfid und enthält keine Informationen zur Lebensmittelherstellung.","Im vorliegenden Text werden lediglich physikalisch-chemische Eigenschaften von Faserseilen sowie Zusatzstoffe für Gleitzwecke in der Technik beschrieben, was nichts mit den Rohstoffen für Pizzateig zu tun hat.","Die Frage kann auf Basis des gegebenen Kontextes nicht beantwortet werden, da dieser keinerlei Angaben zu Zutaten für einen Pizzateig enthält und somit ehrlich zugegeben werden muss, dass die Information fehlt.",3,pdf_8551; pdf_8557; pdf_15654; pdf_16057,,4732e4709357
2026-09-25T22:42:45,TEST-01,Wer hat die Fußball-WM 2014 gewonnen?,0.3686,True,"Der bereitgestellte Text behandelt technische Themen wie Feinstbearbeitung, Ebenenauswahl und Wärmebehandlung von Stählen.
Bitte überprüfe erneut deine Fragestellung, da sie sich nicht auf die im Kontext befindlichen Maschinentechniken oder Metallkunde bezieht.","Der angegebene Lernstoff beschäftigt sich ausschließlich mit spanenden Prozessen zur Herstellung geometrisch unbestimmter Schneidkanten sowie Verfahren zur Materialverarbeitung von Stahl.
Dabei werden keine sportlichen Ereignisse, Weltmeisterschaften oder Gewinnerte von Fußballturnieren erwähnt, da diese Inhalte außerhalb des Themengebiets der technischen und beruflichen Bildung für diesen spezifischen Text stehen.","Die Frage nach dem Gewinner der Fußball-WM 2014 kann nicht beantwortet werden, weil der Kontext nur technische Informationen zu Bearbeitungsmaschinen enthält.
Als Lernassistent für Technik muss ich ehrlich sagen, dass die Antwort „Brasilien"" (aus allgemeinem Wissen) nicht im bereitgestellten Text steht und daher nach den von dir vorgegebenen Regeln nicht als Lösung angeführt werden darf.",3,pdf_25153; pdf_25673; pdf_25674; pdf_7435,,4732e4709357
