fall_id,aussage,urteil,begruendung
F001,Der Kontext liefert ein Rechenbeispiel für einen Elektromotor mit 10 kW Leistung und 1000 Umdrehungen pro Minute.,True,Der Kontext enthält ein Rechenbeispiel für einen Elektromotor mit einer Leistung von 10 kW und einer Drehzahl von 1000 min⁻¹.
F001,"Um das Drehmoment zu finden, muss die mechanische Leistung in Abhängigkeit von der Drehzahl umgestellt werden.",False,"Der Kontext zeigt zwar eine Formel zur Berechnung des Drehmoments aus Leistung und Drehzahl, enthält aber keine Aussage darüber, dass dies die einzige oder notwendige Methode ist, um das Drehmoment zu finden."
F001,"Im vorliegenden Text wird eine konkrete Lösungsrechnung geführt, bei der der Zähler durch 1000 geteilt wird.",False,"Im vorliegenden Text werden zwar Berechnungen für Drehmoment und Beschleunigungsarbeit gezeigt, aber es wird keine Rechnung durchgeführt, bei der explizit durch 1000 geteilt wird (die Zahl 1000 erscheint lediglich als Masse in einem anderen Beispiel)."
F001,Das Ergebnis der Rechnung liegt im Bereich der hundert Newtonmeter.,False,"Der Kontext enthält keine Berechnung oder ein Ergebnis, das auf Hundert Newtonmeter führt, da die im Text genannten Beispiele andere Werte (z. B. 14715 Nm, 95,5 Nm) oder gar keine spezifische Rechnung für diese Aussage enthalten."
F001,"Das Drehmoment des Elektromotors beträgt 95,5 Nm.",True,"Der Kontext enthält eine Beispielrechnung, die explizit feststellt, dass ein Elektromotor bei einer Drehzahl von 1000 min⁻¹ und einer Leistung von 10 kW ein Drehmoment von 95,5 Nm überträgt."
F001,Die Berechnung erfolgt mit der Formel M = 9550 · P/n.,False,"Der Kontext enthält zwar eine Berechnung, die auf der Formel M = 9550 · P/n basiert, jedoch wird diese Formel im Text nur als Lösungsschritt für ein spezifisches Beispiel genannt und nicht allgemein als Methode zur Berechnung von Drehmomenten definiert oder erklärt."
F001,Bei dieser Formel wird die Leistung von 10 kW eingesetzt.,False,"Der Kontext enthält zwar ein Beispiel mit einer Leistung von 10 kW, verknüpft diese aber nicht mit der spezifischen Formel für die Beschleunigungsarbeit (W), sondern behandelt sie in einem separaten Berechnungsbeispiel zur Ermittlung des Drehmoments."
F001,Bei dieser Formel wird die Drehzahl von 1000 U/min eingesetzt.,False,"Der Kontext enthält zwar ein Beispiel mit einer Drehzahl von 1000 min⁻¹, verknüpft diese aber nicht explizit mit der spezifischen Formel für das Drehmoment (M = 9550 · P / n), sodass die Aussage, dass bei dieser Formel genau diese Drehzahl eingesetzt wird, nicht direkt aus dem Text abgeleitet werden kann."
F002,"Um die Frage zu beantworten, musst du im Kontext nach Hinweisen suchen.",False,"Der Kontext enthält keine Informationen über eine spezifische Frage, die beantwortet werden soll."
F002,"Du suchst nach Hinweisen, welche Elemente als Metalle beschrieben werden.",False,"Der Kontext beschreibt zwar Eigenschaften von Metallen (z. B. Wolfram, Molybdän, Chrom) und nennt auch Halbmetalle sowie Nichtmetalle, enthält aber keine explizite Definition oder eine allgemeine Aussage darüber, welche Elemente insgesamt als Metalle beschrieben werden, da die Aufzählung unvollständig ist und sich auf spezifische Beispiele beschränkt."
F002,"Du suchst nach Hinweisen, wie Gittereigenschaften wie Härte oder Leitfähigkeit charakterisiert sind.",False,"Der Kontext beschreibt zwar spezifische Gittereigenschaften wie Härte und elektrische Leitfähigkeit für verschiedene Elementklassen, enthält aber keine Hinweise darauf, dass jemand aktiv nach Hinweisen zu diesen Eigenschaften sucht."
F002,Achte auf die Gegenüberstellung weicher Alkalimetalle und anderer stabilerer Metalle.,True,"Der Kontext stellt die stabilsten Metalle (Wolfram, Molybdän, Chrom) explizit gegenüber den weichen Alkalimetallen und Quecksilber."
F002,Achte auf die Eigenschaften von Nichtmetallen.,False,"Der Kontext beschreibt zwar Eigenschaften von Nichtmetallen wie Elektronegativität und die Bildung von Anionen, enthält aber keine spezifische Aufforderung oder Anweisung, diese Eigenschaften besonders zu beachten."
F002,"Aus dem Kontext lässt sich ableiten, dass einige Metalle wie Wolfram sehr stabile Gitter mit hoher Energie bilden.",True,"Der Kontext besagt explizit, dass Wolfram zu den Elementen gehört, die „die stabilsten Metallgitter – mit der höchsten Gitterenergie und Härte"" bilden."
F002,"Aus dem Kontext lässt sich ableiten, dass Molybdän sehr stabile Gitter mit hoher Energie bildet.",True,"Der Kontext besagt explizit, dass Wolfram, Molybdän und Chrom die stabilsten Metallgitter mit der höchsten Gitterenergie bilden."
F002,"Aus dem Kontext lässt sich ableiten, dass Chrom sehr stabile Gitter mit hoher Energie bildet.",True,"Der Kontext besagt explizit, dass Wolfram, Molybdän und Chrom die stabilsten Metallgitter mit der höchsten Gitterenergie bilden."
F002,"Aus dem Kontext lässt sich ableiten, dass andere Metalle wie Alkalimetalle weich sind.",True,"Der Kontext besagt explizit, dass die Alkalimetalle weich sind und stellt dies als Eigenschaft dieser Metalle dar."
F002,"Der Begriff „metallisch"" wird im Text explizit mit Duktilität verknüpft.",True,"Im Kontext steht der Begriff „metallisch"" direkt neben den Eigenschaften „duktil, Elektronenleiter"", was eine explizite Verknüpfung darstellt."
F002,"Der Begriff „metallisch"" wird im Text explizit mit der Funktion als Elektronenleiter verknüpft.",True,"Im Kontext steht unter der Kategorie „metallisch"" direkt die Beschreibung „duktil, Elektronenleiter""."
F002,Dies gilt für die meisten Metalle.,False,"Der Kontext beschreibt zwar Eigenschaften von Metallen (wie Wolfram, Molybdän, Chrom) und stellt diese gegenüber weichen Metallen und Halbmetallen dar, enthält aber keine Aussage darüber, dass die beschriebenen Eigenschaften für die „meisten"" Metalle gelten."
F002,Nichtmetalle oder Halbmetalle zeigen oft andere Bindungsformen.,False,"Der Kontext erwähnt zwar, dass Halbmetalle teilweise halbleitende Eigenschaften zeigen und Nichtmetalle elektronegativ sind sowie Anionen bilden, enthält aber keine Aussage darüber, dass diese Elementklassen „oft andere Bindungsformen"" aufweisen."
F002,Zum Beispiel zeigen sie diamantartige Strukturen.,False,"Der Kontext listet zwar ""diamantartig"" als eine Eigenschaft auf, verknüpft diese Eigenschaft aber nicht mit dem Wort ""sie"", sodass die Aussage, dass bestimmte Elemente (die durch ""sie"" angedeutet werden) diamantartige Strukturen zeigen, aus dem gegebenen Text nicht eindeutig abgeleitet werden kann."
F002,Zum Beispiel zeigen sie glasartige Strukturen.,False,"Der Kontext listet zwar ""glasartig-spröde"" als eine Eigenschaft von Nichtmetallen auf, verknüpft diese Eigenschaft jedoch spezifisch mit den Beispielen SiC, BN, Si, Ge und Quarz, während die Aussage pauschal behauptet, dass Elemente glasartige Strukturen zeigen, was nicht direkt aus dem Text folgt."
F002,Sie zeigen unterschiedliche Elektronegativitäten.,True,"Der Kontext besagt explizit, dass die Elektronegativität (EN) charakterisiert, wie stark Elemente Elektronen an sich ziehen wollen, und beschreibt zudem ihre Veränderung in Perioden und Hauptgruppen."
F002,Bei den meisten Metallen findet man kristalline Gitter mit metallischer Bindung.,False,"Der Kontext listet zwar spezifische Beispiele für Metalle und ihre Eigenschaften (wie Härte, Weichheit oder Duktilität) sowie die Kristallstruktur von Elementen auf, enthält aber keine allgemeine Aussage darüber, dass dies bei den meisten Metallen der Fall ist."
F002,Diese sind gekennzeichnet durch Duktilität (Verformbarkeit).,False,"Der Kontext beschreibt zwar, dass metallische Elemente duktil sind, bezieht sich die Aussage jedoch auf ein unbestimmtes „Diese"", das im gegebenen Text nicht definiert ist."
F002,"Diese sind gekennzeichnet durch die Eigenschaft, elektrische Leiter zu sein.",False,"Der Kontext beschreibt zwar einige Elemente und Verbindungen als ""Elektronenleiter"", listet aber nicht auf, welche spezifischen Stoffe die Aussage ""Diese"" sich darauf bezieht."
F002,Nichtmetalle oder einige spezielle Metalle wie Alkalimetalle zeigen andere Eigenschaften.,False,"Der Kontext beschreibt zwar die Eigenschaften von Nichtmetallen und erwähnt, dass Alkalimetalle weich sind, stellt aber keine Aussage darüber auf, dass diese Gruppen „andere"" Eigenschaften im Vergleich zu anderen Elementen zeigen."
F002,Wolfram ist metallisch.,True,"Der Kontext ordnet Wolfram zusammen mit Molybdän und Chrom als die stabilsten Metallgitter ein, was impliziert, dass es sich um Metalle handelt."
F002,Molybdän ist metallisch.,True,"Der Kontext listet Molybdän zusammen mit Wolfram und Chrom als Beispiele für die stabilsten Metallgitter auf, was impliziert, dass es sich um ein Metall handelt."
F002,Wolfram und Molybdän sind besonders stabil.,True,"Der Kontext besagt explizit, dass Wolfram und Molybdän zu den stabilsten Metallgittern mit der höchsten Gitterenergie und Härte gehören."
F002,Wolfram und Molybdän sind hart.,True,"Der Kontext besagt, dass Wolfram und Molybdän zu den stabilsten Metallgittern mit der höchsten Härte gehören."
F002,Alkalimetalle sind weich.,True,"Der Kontext besagt explizit, dass „Die Alkalimetalle sind weich""."
F002,Der klassische metallische Charakter beschreibt das vorherrschende Gitterbild für Metalle.,False,"Der Kontext listet zwar Eigenschaften von Metallen auf (z. B. duktil, Elektronenleiter) und erwähnt das Gitterbild in der Überschrift „Kristallstruktur der Elemente"", enthält aber keine Aussage darüber, dass das klassische metallische Gitterbild das vorherrschende für alle Metalle ist oder was den „klassischen metallischen Charakter"" definiert."
F002,Der klassische metallische Charakter ist gekennzeichnet durch Elektronenleiter-Eigenschaft.,True,"Im Kontext wird unter der Kategorie „metallisch"" explizit die Eigenschaft „Elektronenleiter"" aufgeführt, was den metallischen Charakter durch diese Leitfähigkeit kennzeichnet."
F002,Der klassische metallische Charakter ist gekennzeichnet durch Duktilität.,False,"Der Kontext listet zwar Eigenschaften wie Duktilität und elektrische Leitfähigkeit unter der Kategorie „metallisch"" auf, enthält aber keine Aussage darüber, dass Duktilität das kennzeichnende Merkmal für den klassischen metallischen Charakter ist."
F003,Kohlenstoff erweitert den Austenitbereich.,True,"Der Kontext enthält explizit die Zeile „Kohlenstoff C Erweitert Austenitbereich."""
F003,Schwefel kann in Verbindung mit Eisen unangenehme Phasen wie FeS bilden.,False,"Der Kontext erwähnt zwar, dass Schwefel mit Eisen eine Verbindung eingeht, die zum Bruch beim Schmieden führt (im Gegensatz zu MnS), und nennt FeS als Vergleichsobjekt, aber er enthält keine explizite Beschreibung von FeS als ""unangenehme Phase""."
F003,Die Bildung von FeS führt zu Brüchen beim Schmieden.,True,"Der Kontext besagt, dass MnS im Gegensatz zu FeS nicht zum Bruch beim Schmieden führt, was impliziert, dass FeS diesen Effekt verursacht."
F003,Die Bildung von FeS erhöht den Werkzeugverschleiß.,False,"Der Kontext erwähnt zwar, dass Mangan Schwefel zu MnS bindet, um im Gegensatz zu FeS keinen Bruch beim Schmieden zu verursachen, enthält aber keine Aussage darüber, ob die Bildung von FeS den Werkzeugverschleiß erhöht."
F003,Mangan wirkt als Desoxidationsmittel und bindet den Schwefel.,True,"Der Kontext beschreibt explizit, dass Mangan ein Desoxidationsmittel ist und Schwefel zu MnS bindet."
F003,Mangan bildet stattdessen unlösliche Mangansulfide (MnS).,False,"Der Kontext besagt, dass Mangan Schwefel zu MnS bindet und zwar explizit ""nach FeS"", was impliziert, dass es sich um eine Substitution handelt, aber der Text enthält keine Formulierung wie ""stattdessen unlöslich"" oder eine direkte Charakterisierung von MnS als unlöslich im Gegensatz zu FeS."
F003,Mangansulfide stellen beim Spanen keine Bruchgefahr dar.,False,"Der Kontext besagt, dass MnS im Gegensatz zu FeS nicht zum Bruch beim Schmieden führt, macht aber keine direkte Aussage darüber, ob Mangansulfide beim Spanen eine Bruchgefahr darstellen."
F003,Das Verhältnis von Eisen zu Mangan beeinflusst die Stabilität der Phasen.,False,"Der Kontext erwähnt zwar, dass Mangan den Austenitbereich erweitert und Mischcarbide bildet, enthält aber keine Aussage darüber, wie das spezifische Verhältnis von Eisen zu Mangan die Stabilität der Phasen beeinflusst."
F003,Die Phasenstabilität ist für automatische Spannungsverfahren entscheidend.,False,"Der Kontext beschreibt zwar die Wirkung von Mangan auf die Stabilität von Zementit und die Bildung von Mangansulfid in Automatenstählen, erwähnt aber nicht den Begriff ""Phasenstabilität"" im Zusammenhang mit Spannungsverfahren."
F003,"Mangan sorgt dafür, dass der Austenitbereich im Diagramm erweitert wird.",True,"Der Kontext enthält explizit den Satz „Mangan Mn Erweitert Austenitbereich"", was die Aussage direkt stützt."
F003,Durch die Bildung von Mangankohlenstoffverbindungen wird ein günstigeres Spanverhalten ermöglicht.,False,"Der Kontext erwähnt zwar die Bildung von Mischcarbiden (Fe,Mn)3C durch Mangan und beschreibt günstige Spanverhältnisse bei Automatenstählen mit Schwefelgehalt, verknüpft diese beiden Punkte aber nicht kausal miteinander."
F003,Mangankohlenstoffverbindungen ermöglichen kurze Späne.,False,"Der Kontext besagt, dass bei Automatenstählen mit Schwefelgehalt (der als Mangansulfid gebunden wird) kurze Späne entstehen, erwähnt aber nicht explizit, dass dies durch Mangankohlenstoffverbindungen geschieht."
F006,Reine Keramik neigt zur Sprödheit.,True,"Der Kontext beschreibt keramische Schneidplatten als Werkstoffe, die im Gegensatz zu PCBN-Wendeschneidplatten „komplett aus Keramik bestehen"" und stellt explizit fest, dass „Keramik ist spröde""."
F006,Der Schlüssel zur Verbesserung liegt im Einfügen von Materialfasern.,True,"Der Kontext besagt explizit, dass durch Faserverbund die geringe Zähigkeit der Keramik verbessert werden soll und erwähnt im Zusammenhang mit Faserverstärkter Keramik das Einbetten von SiC-Fasern zur Bremsung der Rissfortpflanzung."
F006,Die Fasern wirken wie kleine Stützen.,False,"Der Kontext erwähnt zwar, dass das Einbetten von SiC-Fasern die Rissfortpflanzung bremst, beschreibt aber nicht den Mechanismus dahinter und verwendet keine Formulierung wie ""kleine Stützen""."
F006,"Die Fasern verhindern, dass sich Risse ungehindert ausbreiten.",True,"Der Kontext besagt explizit, dass das Einbetten von SiC-Fasern die Rissfortpflanzung bremst."
F006,"Um die geringe Zähigkeit der Keramik zu verbessern, wird sie mit Kurzfasern verbunden.",True,"Der Kontext besagt explizit, dass die geringe Zähigkeit der Keramik bei gesinterter Keramik „nur mit Kurzfasern"" verbessert werden kann."
F006,Es entsteht ein Faserverbund.,False,"Der Kontext erwähnt zwar den Begriff ""Faserverbund"" im Zusammenhang mit der Verbesserung der Zähigkeit durch Fasern, erklärt aber nicht explizit, dass bei der beschriebenen Mischkeramik oder allgemein bei Keramikschneidplatten ein solcher Faserverbund entsteht."
F006,Eingelegte SiC-Fasern bremst die Fortpflanzung von Rissen effektiv ab.,True,"Der Kontext besagt, dass das Einbetten von SiC-Fasern die Rissfortpflanzung bremst, was der Aussage entspricht."
F006,Die Schädenstoleranz wird erheblich erhöht.,True,"Der Kontext listet „Schadenstoleranz"" als eine Eigenschaft auf, die durch das Einbetten von SiC-Fasern in der Keramik verbessert wird."
F006,Durch das Einbetten in eine Matrix entsteht ein Verbundwerkstoff.,True,"Der Kontext beschreibt Faserverbundkeramik als Einbetten von Fasern (z. B. SiC-Fasern) in eine Matrix (Polymer), was die Definition eines Verbundwerkstoffs darstellt."
F006,Der Verbundwerkstoff ist spröder als Polymere.,False,"Der Kontext beschreibt Keramik als spröde, erwähnt jedoch keine spezifischen Eigenschaften für Polymere im direkten Vergleich zur Sprödigkeit, sondern charakterisiert diese lediglich als wenig fest und steif."
F006,Der Verbundwerkstoff weist deutlich höhere Zähigkeit auf.,True,"Der Kontext besagt, dass durch Faserverbund die geringe Zähigkeit der Keramik verbessert werden soll und das Einbetten von SiC-Fasern die Rissfortpflanzung bremst."
F006,Die Sprödigkeit von Keramik wird bei Verbundwerkstoffen durch das Einbetten von Kurzfasern verbessert.,False,"Der Kontext besagt zwar, dass Faserverbund die geringe Zähigkeit der Keramik verbessern soll und dies bei gesinterter Keramik nur mit Kurzfasern möglich ist, erwähnt aber nicht explizit, dass die Sprödigkeit selbst durch das Einbetten von Kurzfasern verbessert wird."
F006,"Die Fasern wirken, indem sie die Ausbreitung von Rissen in der Keramikmatrix effektiv bremsten.",True,"Der Kontext besagt explizit, dass das Einbetten von SiC-Fasern die Rissfortpflanzung bremst."
F006,Das Bauteil verhält sich unter Belastung stabiler als reine Keramik.,False,"Der Kontext besagt zwar, dass Faserverbund die geringe Zähigkeit der Keramik verbessert und das Einbetten von SiC-Fasern die Rissfortpflanzung bremst, liefert aber keine Informationen darüber, wie sich ein spezifisches Bauteil unter Belastung im Vergleich zu reiner Keramik verhält."
F006,Das Bauteil verhält sich bei Temperaturschwankungen stabiler als reine Keramik.,False,"Der Kontext erwähnt zwar die ""Temperaturwechselfestigkeit"" als eine Eigenschaft, die durch bestimmte Maßnahmen (wie das Einbetten von Fasern) verbessert wird, liefert aber keine direkten Informationen über ein spezifisches Bauteil oder einen Vergleich mit reinem Keramikverhalten unter Temperaturschwankungen."
F007,Der Kontext beschreibt die allgemeinen Eigenschaften von Flüssigkeiten und Gasen im Vergleich zu festen Körpern sowie die Rolle der Zirkulation.,True,"Der Kontext stellt explizit fest, dass feste Körper sich nur wenig ausdehnen, während Flüssigkeiten mehr ausdehnen, und erwähnt zudem, dass Gase und Flüssigkeiten schlechte Wärmeleiter sind, wenn keine Zirkulation stattfindet."
F007,"Laut Text sind beide Substanzen bei fehlender Bewegung als „schlechte Wärmeleiter"" beschrieben.",True,"Der Kontext besagt explizit, dass Luft und Wasser „wie alle Gase und Flüssigkeiten"" schlechte Wärmeleiter sind, wenn eine Zirkulationsbewegung verhindert wird."
F007,Luft und Wasser ohne innere Bewegung (Zirkulation) sind generell schlechte Wärmeleiter.,True,"Der Kontext besagt explizit, dass Luft und Wasser „schlechte Wärmeleiter"" sind, wenn eine Zirkulationsbewegung innerhalb des Stoffes verhindert wird."
F007,Vakuum ist laut Text der beste Isolator.,True,"Der Kontext besagt explizit, dass „Der beste Wärmeisolator ist das Vakuu m."""
F007,Die Texte erwähnen die Vorteile von Wasser als Kühlmittel durch Zirkulation in Motoren und bei Bearbeitungsprozessen.,False,"Der Kontext beschreibt zwar die Vorteile von Wasser als Kühlmittel bei der Flüssigkeitskühlung in Motoren (Zirkulation durch Pumpe) und erwähnt auch andere Schneidkühlmittel wie Bohrölemulsionen, nennt aber für den Bearbeitungsprozess keine spezifischen Vorteile von Wasser selbst, sondern hebt stattdessen die Vorteile von Soda- und Seifenwasser sowie Bohrölemulsionen hervor."
F007,Die Texte geben keinen spezifischen Vergleichswert für den Wärmeübergang zwischen ruhendem Wasser und ruhender Luft an.,True,"Der Kontext erwähnt zwar, dass Luft und Wasser schlechte Wärmeleiter sind, liefert aber keine konkreten Werte oder direkten Vergleichszahlen für den Wärmeübergang zwischen beiden Stoffen."
F007,"Auf Basis des vorliegenden Kontexts ist es nicht möglich, eine genaue Zahl oder ein quantitatives Maß anzugeben, um wie viel besser ruhendes Wasser Wärme überträgt als ruhende Luft.",True,"Der Kontext stellt fest, dass Luft und Wasser schlechte Wärmeleiter sind, wenn eine Zirkulation verhindert wird, liefert aber keine quantitativen Daten oder Vergleiche darüber, wie viel besser ruhendes Wasser Wärme überträgt als ruhende Luft."
F007,"Die Texte stellen beide Mittel lediglich als schlechte Wärmeleiter dar, wenn keine Zirkulation stattfindet.",False,"Der Kontext besagt zwar, dass Luft und Wasser schlechte Wärmeleiter sind, wenn keine Zirkulation stattfindet, erwähnt aber nicht explizit, dass *alle* in den Texten genannten Mittel (wie Kühlmittel beim Schneiden) ebenfalls unter dieser Bedingung nur schlechte Wärmeleiter darstellen."
F007,Die Texte nennen keine direkten physikalischen Vergleichswerte für den Fall von ruhendem Wasser und ruhender Luft.,True,"Der Kontext beschreibt zwar die Eigenschaften von Luft und Wasser als schlechte Wärmeleiter, liefert aber keine spezifischen numerischen Werte oder direkten physikalischen Vergleichswerte für den Zustand ruhender Flüssigkeiten und Gase."
