fall_id,frage,n_kontext_saetze,benoetigt_nr,benoetigte_saetze,begruendung
F001,Ein Elektromotor bringt 10 kW bei 1000 Umdrehungen pro Minute. Wie groß ist sein Drehmoment?,9,4,"Lösung: WD mgh D500 kg/SOH9;81 m s2 /SOH3 m WD14:715 Nm WD2 FT rz zD W 2 F TrD 14:715 Nm 2 /SOH150 N/SOH0;3 m zD52 Umdrehungen 9 7 Beispiel Welches Drehmoment M überträgt ein Elektromotor, der bei einer Drehzahl nD1000 min/NUL1 eine Leistung von 10 kW ab- gibt?","Der vierte Satz enthält die vollständige Aufgabenstellung (Leistung 10 kW, Drehzahl 1000 U/min) und die dazugehörige Lösung mit dem berechneten Drehmoment von 95,5 Nm, was direkt zur Beantwortung der Frage führt."
F002,Welche Kristallgitter findet man bei den meisten Metallen?,10,2,".Abb.8.16 Kristallstruktur der Elemente Die stabilsten Metallgitter – mit der höchsten Gitteren- ergie und Härte – bilden Wolfram, Molybdän und Chrom (6-wertig), gefolgt von Tantal, Niob und V anadium (5-wer- tig).","Die stabilsten Metallgitter – mit der höchsten Gitterenergie und Härte – bilden Wolfram, Molybdän und Chrom (6-wertig), gefolgt von Tantal, Niob und Vanadium (5-wertig)."
F003,"Wieso gibt man Mangan in Automatenstähle, die Schwefel enthalten?",6,1,"Stabilisiert Graphit, Bestandteil von Gusseisensorten Mangan Mn Erweitert Austenitbereich, Desoxidationsmittel bindet S zu MnS nach FeS C Mn!MnSC Fe, MnS führt nicht zum Bruch beim Schmieden wie FeS, wichtig für die Automatenstähle mit S-Gehalten.","Stabilisiert Graphit, Bestandteil von Gusseisensorten Mangan Mn Erweitert Austenitbereich, Desoxidationsmittel bindet S zu MnS nach FeS C Mn!MnSC Fe, MnS führt nicht zum Bruch beim Schmieden wie FeS, wichtig für die Automatenstähle mit S-Gehalten."
F004,Welche Messing-Legierung nimmt man für kaltgeformte Rohre oder Lagerbuchsen?,7,,,"Keine der Sätze enthält Informationen über Messing-Legierungen, kaltgeformte Rohre oder Lagerbuchsen."
F005,Was ist der Unterschied zwischen Polymerisation und Polyaddition?,7,,,Keine der Sätze erklärt den Unterschied zwischen Polymerisation und Polyaddition.
F006,Keramik ist ja spröde. Wie kann man das bei Verbundwerkstoffen verbessern?,9,3,1 FaserverstärkteKeramik( .Tab.18.7) Durch Faserverbund soll die geringe Zähigkeit der Kera- mik verbessert werden.,Durch Faserverbund soll die geringe Zähigkeit der Keramik verbessert werden.
F007,Wie viel besser überträgt ruhendes Wasser Wärme an eine Metallwand als ruhende Luft?,11,,,"Die Sätze beschreiben zwar allgemein, dass Luft und Wasser schlechte Wärmeleiter sind (Satz 3), geben aber keinen quantitativen Vergleich an, wie viel besser Wasser als Luft Wärme überträgt. Weder die Formel für den Wärmeübergang noch ein spezifischer Faktor oder Wert werden in den Sätzen genannt."
F008,Warum darf man einen großen Drehstrommotor nicht einfach direkt einschalten?,12,4,"Gleich- und Drehstromantriebe benötigen einen hohen Anlaufstrom im Moment des Einschaltens, deshalb dürfen nur kleine elektrische Motoren direkt eingeschaltet werden.","Gleich- und Drehstromantriebe benötigen einen hohen Anlaufstrom im Moment des Einschaltens, deshalb dürfen nur kleine elektrische Motoren direkt eingeschaltet werden."
F009,Wann reicht beim Pendel das vereinfachte Modell aus?,12,9,"Trotzdem wäre der Aufwand für die rechnerische Behand- lung des Modells nach ( 30.3) unnötig hoch, wenn man ein technisches System untersuchen würde, in dem ein Pendel vorkommt, das nur Ausschläge geringer Amplitude aus- führt und daher zur Beschreibung auch das Modell nach (30.1) ausreicht.","Der Satz erklärt, dass das vereinfachte Modell ausreicht, wenn ein Pendel nur Ausschläge geringer Amplitude ausführt."
F010,Wie viele ISO-Toleranzgrade gibt es und welcher ist der genaueste?,7,4,"Nach DIN EN ISO 286-1 sind 20 ISO-Toleranzgrade vorgesehen: IT 01 (kleinste Toleranz D größte Genauig- keit) bis IT 18 (größte Toleranz D kleinste Genauigkeit), ITD ISO-Grundtoleranz.","Nach DIN EN ISO 286-1 sind 20 ISO-Toleranzgrade vorgesehen: IT 01 (kleinste Toleranz D größte Genauigkeit) bis IT 18 (größte Toleranz D kleinste Genauigkeit), ITD ISO-Grundtoleranz."
F011,Wie berechne ich die Flächenpressung am Bolzen in einer Gabel?,7,,,"Keine der gefundenen Sätze enthält Informationen zur Berechnung der Flächenpressung am Bolzen in einer Gabel; sie behandeln stattdessen Themen wie Harzträger, Aushärtung, Druckbegrenzungsventile, Pressbüchsenwinkel oder Segmentflächen."
F012,Warum rechnet man Keilverbindungen in der Praxis meistens nicht nach?,3,2,"Die Bezeic hnung „Keilwellenpro- ﬁl“ ist irreführend, weil die Wirkungsweise der Passfederverbindung (Formschluss) entspricht, nicht aber der Keilverbindung.","Die Bezeichnung „Keilwellenprofil"" ist irreführend, weil die Wirkungsweise der Passfederverbindung (Formschluss) entspricht, nicht aber der Keilverbindung."
F013,Wie breit wählt man das Großrad im Vergleich zum Ritzel und warum?,7,unlesbar,,KEINE
F014,Warum braucht man bei mehrstufigen Kompressoren eine Zwischenkühlung?,11,unlesbar,,KEINE
F015,Welche Eigenschaften muss der Werkstoff eines Zylinderkopfs haben?,5,4,1 WerkstoffeundHerstellung Der Zylinderkopf muss eine große Formsteiﬁgkeit und ei- ne gute Wärmeleitung sowie eine geringe Wärmedehnung aufweisen.,Der Zylinderkopf muss eine große Formsteifigkeit und eine gute Wärmeleitung sowie eine geringe Wärmedehnung aufweisen.
F016,Was macht eigentlich das Motorsteuergerät?,8,1; 2; 3; 4; 5,"Die heutige Motorelektronik hat eine Fülle von Auf- gaben zu erledigen. || Sie muss den Motor nicht nur so betreiben, dass die Drehmomentwünsche des Fahrers er- füllt werden. || Hinzu kommen Beeinﬂussungen des Ladungswechsels, der V erbrennung, der Auﬂadung, des Kühlsystems, der Abgasreinigungsanlage, der Kühl- wasserpumpe und vieler anderer Teilsysteme. || Dazu werden Aktoren (oder auch Aktuatoren genannt) benötigt, die elek- tronisch von der Motorelektronik (ECU – Engine Control Unit) angesteuert werden. || Damit die Motorelektronik weiß, in welchem Betriebszustand sich der Motor gerade be- ﬁndet, werden viele Sensoren für die Motordrehzahl, für den Luftmassenstrom, für das Luftverhältnis /NAK(Lambda- sonde) und für verschiedene Temperaturen und Drücke benötigt (vergleiche .","Die Sätze beschreiben die Aufgaben des Motorsteuergeräts (Betrieb des Motors zur Erfüllung von Drehmomentwünschen und Beeinflussung weiterer Systeme wie Ladungswechsel, Verbrennung etc.) sowie den Bedarf an Aktoren und Sensoren für diesen Zweck."
F017,Wann spannt man ein Werkstück auf der Drehmaschine auf eine Planscheibe statt ins Spannfutter?,11,4,"Während Spannfutter in der Regel nur eine zentrische Aufnahme rotationssymmetrischer Werkstücke zulassen, kann das Werkstück auf einer Planscheibe be- liebig positioniert werden.","Während Spannfutter in der Regel nur eine zentrische Aufnahme rotationssymmetrischer Werkstücke zulassen, kann das Werkstück auf einer Planscheibe beliebig positioniert werden."
F018,Wie ist ein CNC-Programm aufgebaut?,7,4,61.87 zeigt den grundsätzlichen Aufbau einer CNC-Steuerung.,Abb. 61.87 zeigt den grundsätzlichen Aufbau einer CNC-Steuerung.
F019,In welchen Bereichen wird Hydraulik hauptsächlich eingesetzt?,7,1,"Einsatzgebiete der Hydraulik sind vornehmlich: 4 Werkzeugmaschinen, Hütten- und Walzwerkindustrie, 4 Straßenfahrzeuge, Bau- und Landmaschinen, 4 Kunststoffverarbeitung, 4 Schiffsbau und 4 Flugzeughydraulik.","Einsatzgebiete der Hydraulik sind vornehmlich: 4 Werkzeugmaschinen, Hütten- und Walzwerkindustrie, 4 Straßenfahrzeuge, Bau- und Landmaschinen, 4 Kunststoffverarbeitung, 4 Schiffsbau und 4 Flugzeughydraulik."
F020,Wie funktioniert eine Zweihandverriegelung in der SPS?,7,,,"Keine der aufgeführten Sätze beschreibt den Funktionsmechanismus einer Zweihandverriegelung (z. B. das Blockieren des Startsignals bei freigegebener Hand oder die logische Verknüpfung von zwei Schaltern). Die Sätze behandeln allgemeine SPS-Aufgaben, Hardware-Ebenen, Anschlüsse oder Stromversorgung, aber nicht die spezifische Sicherheitslogik einer Zweihandverriegelung."
F021,Was bringt der D-Anteil in einem Regler?,7,2,"Zur Charakterisierung des Bewe- gungsverhaltens schwingungsfähiger Systeme wie des Ein- massenschwingers verwendet man daher meist den di- mensionslosen, als Lehr’sches Dämpfungsmaß oder auch Dämpfungsgrad bezeichneten Wert D.","Zur Charakterisierung des Bewegungsverhaltens schwingungsfähiger Systeme wie des Einmassenschwingers verwendet man daher meist den dimensionslosen, als Lehr'sches Dämpfungsmaß oder auch Dämpfungsgrad bezeichneten Wert D."
F022,Wie kommt man auf den Deckungsbeitrag eines Produkts?,7,,,"Keine der Sätze enthält Informationen zur Berechnung des Deckungsbeitrags (z. B. Umsatz minus variable Kosten) oder erklärt den Lösungsweg für diese spezifische Fragestellung. Die Sätze behandeln stattdessen Themen wie Produkterfolg, Hauptfunktionen, Zielkosten bei mehrstufigen Produkten und Wertanalyse."
F023,Wie schnell darf sich eine Schleifscheibe maximal drehen?,5,,,Keine der Sätze enthält die maximale Drehzahl oder Geschwindigkeit für eine Schleifscheibe; Satz [4] beschreibt nur ein spezifisches Anlaufbeispiel ohne Grenzwertangabe.
F024,"Welche Rautiefe schafft man mit Hartdrehen allein, ohne Schleifen?",8,,,Keine der Sätze enthält Informationen zur Rautiefe beim Hartdrehen.
F025,Welche Lastkategorien unterscheidet DIN EN 13001-2 bei Kranen?,6,,,"Keine der gefundenen Sätze enthält eine Aufzählung der Lastkategorien nach DIN EN 13001-2; Satz [2] erwähnt zwar die Norm, liefert aber keine Antwort auf die Frage nach den Kategorien."
F026,Wie viele Urlaubstage stehen mir im ersten Ausbildungsjahr zu?,7,,,Keine der gefundenen Sätze enthält Informationen über Urlaubstage in der Ausbildung.
F027,Wie schreibe ich in Python eine for-Schleife?,6,,,"Keine der Sätze beschreibt die Syntax oder den Aufbau einer for-Schleife in Python. Die Sätze behandeln ausschließlich Themen wie Getriebewellen, NC-Programmierung, Werkzeugradiuskorrektur und DIN-gerechte Arbeitsschritte."
F028,Wie wechsle ich die Bremsbeläge an meinem Auto?,6,,,Keine der Sätze beschreibt den Prozess des Wechsels von Bremsbelägen.
F029,Welche Zutaten brauche ich für einen Pizzateig?,6,,,Keine der Sätze enthält Informationen über Zutaten für Pizzateig.
F030,Wer hat die Fußball-WM 2014 gewonnen?,4,,,Keine der Sätze enthält Informationen über den Gewinner der Fußball-WM 2014.
